Domain,SponsorUPN,DisplayName,Email
disney.com,sponsor@5thproj.com,Ava Morgan,
marvel.com,sponsor@5thproj.com,Liam Carter,
tesla.com,sponsor@5thproj.com,Noah Bennett,
anthropic.com,sponsor@5thproj.com,Emma Rivera,
openai.com,sponsor@5thproj.com,Olivia Hayes,
marvel.com,sponsor@5thproj.com,Lucas Reed,
disney.com,sponsor@5thproj.com,Mia Thompson,
tesla.com,sponsor@5thproj.com,Ethan Brooks,
openai.com,sponsor@5thproj.com,Sophia Gray,
anthropic.com,sponsor@5thproj.com,Jackson Cole,
disney.com,sponsor@5thproj.com,Harper Scott,
marvel.com,sponsor@5thproj.com,Benjamin Price,
tesla.com,sponsor@5thproj.com,Charlotte Diaz,
anthropic.com,sponsor@5thproj.com,James Foster,
openai.com,sponsor@5thproj.com,Amelia Hughes,
marvel.com,sponsor@5thproj.com,Henry Ward,
disney.com,sponsor@5thproj.com,Isabella Perry,
tesla.com,sponsor@5thproj.com,Alexander Cruz,
openai.com,sponsor@5thproj.com,Evelyn Reed,
anthropic.com,sponsor@5thproj.com,William Gray,
marvel.com,sponsor@5thproj.com,Abigail Brooks,
disney.com,sponsor@5thproj.com,Michael Rivera,
tesla.com,sponsor@5thproj.com,Emily Barnes,
openai.com,sponsor@5thproj.com,Daniel Knight,
anthropic.com,sponsor@5thproj.com,Chloe Bennett,
disney.com,sponsor@5thproj.com,Samuel Hayes,
marvel.com,sponsor@5thproj.com,Grace Kelly,
tesla.com,sponsor@5thproj.com,Owen Foster,
openai.com,sponsor@5thproj.com,Ella Martin,
anthropic.com,sponsor@5thproj.com,Jack Turner,
disney.com,sponsor@5thproj.com,Lily Cox,
marvel.com,sponsor@5thproj.com,Noah Russell,
tesla.com,sponsor@5thproj.com,Sofia Bennett,
openai.com,sponsor@5thproj.com,Caleb Rivera,
anthropic.com,sponsor@5thproj.com,Victoria Price,
disney.com,sponsor@5thproj.com,Levi Brooks,
marvel.com,sponsor@5thproj.com,Zoe Fisher,
tesla.com,sponsor@5thproj.com,David Ward,
openai.com,sponsor@5thproj.com,Nora Diaz,
anthropic.com,sponsor@5thproj.com,Isaac Hughes,
disney.com,sponsor@5thproj.com,Hannah Gray,
marvel.com,sponsor@5thproj.com,Wyatt Cruz,
tesla.com,sponsor@5thproj.com,Penelope Reed,
openai.com,sponsor@5thproj.com,Julian Price,
anthropic.com,sponsor@5thproj.com,Luna Brooks,
disney.com,sponsor@5thproj.com,Leah Bennett,
marvel.com,sponsor@5thproj.com,Carter Hayes,
tesla.com,sponsor@5thproj.com,Stella Martin,
openai.com,sponsor@5thproj.com,Thomas Kelly,
anthropic.com,sponsor@5thproj.com,Eleanor Cox,
disney.com,sponsor@5thproj.com,Christian Turner,
marvel.com,sponsor@5thproj.com,Ruby Foster,
tesla.com,sponsor@5thproj.com,Hudson Reed,
openai.com,sponsor@5thproj.com,Aurora Barnes,
anthropic.com,sponsor@5thproj.com,Nolan Price,
disney.com,sponsor@5thproj.com,Mila Gray,
marvel.com,sponsor@5thproj.com,Brooks Rivera,
tesla.com,sponsor@5thproj.com,Sadie Diaz,
openai.com,sponsor@5thproj.com,Miles Ward,
anthropic.com,sponsor@5thproj.com,Paisley Cox,
disney.com,sponsor@5thproj.com,Adam Fisher,
marvel.com,sponsor@5thproj.com,Willow Bennett,
tesla.com,sponsor@5thproj.com,Connor Hayes,
openai.com,sponsor@5thproj.com,Naomi Martin,
anthropic.com,sponsor@5thproj.com,Declan Price,
disney.com,sponsor@5thproj.com,Elena Brooks,
marvel.com,sponsor@5thproj.com,Grayson Reed,
tesla.com,sponsor@5thproj.com,Layla Rivera,
openai.com,sponsor@5thproj.com,Michael Turner,
anthropic.com,sponsor@5thproj.com,Alexis Cox,
disney.com,sponsor@5thproj.com,Silas Gray,
marvel.com,sponsor@5thproj.com,Claire Fisher,
tesla.com,sponsor@5thproj.com,Theo Bennett,
openai.com,sponsor@5thproj.com,Eliana Hayes,
anthropic.com,sponsor@5thproj.com,Eric Martin,
disney.com,sponsor@5thproj.com,Adeline Price,
marvel.com,sponsor@5thproj.com,Maxwell Brooks,
tesla.com,sponsor@5thproj.com,Iris Reed,
openai.com,sponsor@5thproj.com,River Rivera,
anthropic.com,sponsor@5thproj.com,Alice Cox,
disney.com,sponsor@5thproj.com,Beau Gray,
marvel.com,sponsor@5thproj.com,Georgia Fisher,
tesla.com,sponsor@5thproj.com,Antonio Bennett,
openai.com,sponsor@5thproj.com,Juliette Hayes,
anthropic.com,sponsor@5thproj.com,Ryan Martin,
disney.com,sponsor@5thproj.com,Serena Price,
marvel.com,sponsor@5thproj.com,Leon Brooks,
tesla.com,sponsor@5thproj.com,Phoebe Reed,
openai.com,sponsor@5thproj.com,Arlo Rivera,
anthropic.com,sponsor@5thproj.com,Matilda Cox,
mb.com,sponsor@5thproj.com,Elijah Davis,
kceve.com,sponsor@5thproj.com,Naomi Gonzales,
pent.com,sponsor@5thproj.com,Beckett Bryant,
foxp.com,sponsor@5thproj.com,Desmond Phelps,
oneplus.com,sponsor@5thproj.com,Rafael Burns,
disney.com,sponsor@5thproj.com,Wesley Grant,
marvel.com,sponsor@5thproj.com,Griffin Norton,
tesla.com,sponsor@5thproj.com,Ethan Walker,
anthropic.com,sponsor@5thproj.com,Marley Carr,
openai.com,sponsor@5thproj.com,Ava Jones,
mb.com,sponsor@5thproj.com,Mateo Evans,
kceve.com,sponsor@5thproj.com,Norah Bird,
pent.com,sponsor@5thproj.com,Josephine Boyd,
foxp.com,sponsor@5thproj.com,Rowan Griffin,
oneplus.com,sponsor@5thproj.com,Reed Mccarthy,
disney.com,sponsor@5thproj.com,Clara Ortiz,
marvel.com,sponsor@5thproj.com,Silas Knight,
tesla.com,sponsor@5thproj.com,Carter Green,
anthropic.com,sponsor@5thproj.com,Lucia Branch,
openai.com,sponsor@5thproj.com,Harper Anderson,
mb.com,sponsor@5thproj.com,Poppy McKenzie,
kceve.com,sponsor@5thproj.com,Anthony Cook,
pent.com,sponsor@5thproj.com,Eleanor Price,
foxp.com,sponsor@5thproj.com,Heath Armstrong,
oneplus.com,sponsor@5thproj.com,Madeline Reynolds,
disney.com,sponsor@5thproj.com,Ruby Murphy,
marvel.com,sponsor@5thproj.com,Iris Perkins,
tesla.com,sponsor@5thproj.com,Chloe Scott,
anthropic.com,sponsor@5thproj.com,Olivia Smith,
openai.com,sponsor@5thproj.com,Isla Morris,
mb.com,sponsor@5thproj.com,Eliza Fisher,
kceve.com,sponsor@5thproj.com,Lydia Barnes,
pent.com,sponsor@5thproj.com,Victoria Young,
foxp.com,sponsor@5thproj.com,Ellis Roy,
oneplus.com,sponsor@5thproj.com,Valentina Hughes,
disney.com,sponsor@5thproj.com,Mila Mitchell,
marvel.com,sponsor@5thproj.com,Noah Brown,
tesla.com,sponsor@5thproj.com,Claire Morgan,
anthropic.com,sponsor@5thproj.com,Eden Matthews,
openai.com,sponsor@5thproj.com,Archer Mullen,
mb.com,sponsor@5thproj.com,Caleb Rivera,
kceve.com,sponsor@5thproj.com,Cole Mclean,
pent.com,sponsor@5thproj.com,Mavis Calderon,
foxp.com,sponsor@5thproj.com,Josiah Bailey,
oneplus.com,sponsor@5thproj.com,Sophia Miller,
disney.com,sponsor@5thproj.com,Aurora Flores,
marvel.com,sponsor@5thproj.com,Zachary Hunter,
tesla.com,sponsor@5thproj.com,Mabel Parson,
anthropic.com,sponsor@5thproj.com,Lucy Bennett,
openai.com,sponsor@5thproj.com,Aaron Howard,
mb.com,sponsor@5thproj.com,Zara Ochoa,
kceve.com,sponsor@5thproj.com,Amelia Gonzalez,
pent.com,sponsor@5thproj.com,Scarlett Ramirez,
foxp.com,sponsor@5thproj.com,Theo Bishop,
oneplus.com,sponsor@5thproj.com,Miles Richardson,
disney.com,sponsor@5thproj.com,Yara Cardenas,
marvel.com,sponsor@5thproj.com,Leland Burch,
tesla.com,sponsor@5thproj.com,Jacob Lee,
anthropic.com,sponsor@5thproj.com,Liana Hood,
openai.com,sponsor@5thproj.com,Beck Avery,
mb.com,sponsor@5thproj.com,Mia Hernandez,
kceve.com,sponsor@5thproj.com,Damian Stevens,
pent.com,sponsor@5thproj.com,Eamon Lang,
foxp.com,sponsor@5thproj.com,Grace Robinson,
oneplus.com,sponsor@5thproj.com,Zaira Mccullough,
disney.com,sponsor@5thproj.com,James Thomas,
marvel.com,sponsor@5thproj.com,Keegan Patrick,
tesla.com,sponsor@5thproj.com,Logan Wilson,
anthropic.com,sponsor@5thproj.com,Owen Nelson,
openai.com,sponsor@5thproj.com,Farrah Juarez,
mb.com,sponsor@5thproj.com,Lucas Martinez,
kceve.com,sponsor@5thproj.com,Sabrina Mendez,
pent.com,sponsor@5thproj.com,Lily Nguyen,
foxp.com,sponsor@5thproj.com,Emily White,
oneplus.com,sponsor@5thproj.com,Jackson Torres,
disney.com,sponsor@5thproj.com,Sienna Galloway,
marvel.com,sponsor@5thproj.com,Remi Cross,
tesla.com,sponsor@5thproj.com,Lila Gilbert,
anthropic.com,sponsor@5thproj.com,Corinne Doyle,
openai.com,sponsor@5thproj.com,Levi Campbell,
mb.com,sponsor@5thproj.com,Holden Foley2,
kceve.com,sponsor@5thproj.com,Ramona Velez,
pent.com,sponsor@5thproj.com,Alexander Lewis,
foxp.com,sponsor@5thproj.com,Dalton Mccoy,
oneplus.com,sponsor@5thproj.com,Lyla Banks,
disney.com,sponsor@5thproj.com,Alice Cooper,
marvel.com,sponsor@5thproj.com,Kaden Weaver,
tesla.com,sponsor@5thproj.com,Asher Collins,
anthropic.com,sponsor@5thproj.com,Delilah Hale,
openai.com,sponsor@5thproj.com,Phoenix Russell,
mb.com,sponsor@5thproj.com,Priya Vasquez,
kceve.com,sponsor@5thproj.com,Ian Powell,
pent.com,sponsor@5thproj.com,Tristan Sanders,
foxp.com,sponsor@5thproj.com,Margo Castillo,
oneplus.com,sponsor@5thproj.com,Sadie Reed,
disney.com,sponsor@5thproj.com,Mara Fuentes,
marvel.com,sponsor@5thproj.com,Christian Bell,
tesla.com,sponsor@5thproj.com,Aria Hall,
anthropic.com,sponsor@5thproj.com,Mason Lopez,
openai.com,sponsor@5thproj.com,Ellie Phillips,
